Date,Open,High,Low,Close,
03-Jan-22,40459.01,41507.56,40458.37,41438.77,979.76
04-Jan-22,41607.87,42044.52,41409.2,41982.2,374.33
05-Jan-22,42087.95,43201.7,41892.37,43002.78,914.83
06-Jan-22,42549.61,43068.19,42312.37,42769.62,220.01
07-Jan-22,42889.73,43494.46,42689.63,43046.33,156.6
10-Jan-22,43251.64,43858.31,43239.49,43800.96,549.32
11-Jan-22,43778.09,43977.5,43422.62,43883.37,105.28
12-Jan-22,44198.51,44388.43,44093.62,44221.83,23.32
13-Jan-22,44232.16,44233.08,43825.77,43923.87,-308.29
14-Jan-22,43795.24,43859.19,43348.76,43771.05,-24.19
17-Jan-22,43721.89,44034.44,43507.96,43624.8,-97.09
18-Jan-22,43748.16,44396.45,43559.31,43695.23,-52.93
19-Jan-22,43649.29,43777.32,43146.66,43468.74,-180.55
20-Jan-22,43517.67,43634.56,42971.18,43276.73,-240.94
21-Jan-22,42966.11,43137.54,42522.28,42940.3,-25.81
24-Jan-22,43169.6,43169.6,41569.11,42230.56,-939.04
25-Jan-22,42001.42,43276.86,41661.7,43164.41,1162.99
27-Jan-22,42640.54,43760.8,42446.25,43584.4,943.86
28-Jan-22,44101.42,44101.42,43131.38,43257.74,-843.68
31-Jan-22,43689.39,43864.64,43165.97,43569.48,-119.91
01-Feb-22,44073.65,44518.87,43172.39,44127.02,53.37
02-Feb-22,44514.02,45127.15,44471.34,45043.84,529.82
03-Feb-22,44999.86,45143.71,44506.83,44682.71,-317.15
04-Feb-22,44848.38,44982.63,44146.25,44391.25,-457.13
07-Feb-22,44347.35,44473.57,43349.57,43562.25,-785.1
08-Feb-22,43740.38,43822.69,42809.26,43631.6,-108.78
09-Feb-22,43961.27,44261.71,43848.73,44209.61,248.34
10-Feb-22,44417.93,44905.82,44121.03,44683.73,265.8
11-Feb-22,44176.95,44416.77,43981.16,44088.25,-88.7
14-Feb-22,42403.6,43202.2,42127.68,42215.83,-187.77
15-Feb-22,42447.63,43736.9,41940.64,43674.91,1227.28
16-Feb-22,43721.99,44005.82,43204.9,43443.14,-278.85
17-Feb-22,43566.26,43626.33,42834.19,42943.67,-622.59
18-Feb-22,42677.13,43288.33,42667.25,43062.88,385.75
21-Feb-22,42760.23,43551.51,42527.54,43132.22,371.99
22-Feb-22,42096.2,43129.04,42055.35,42818.68,722.48
23-Feb-22,43082.22,43308.01,42832,42920.81,-161.41
24-Feb-22,41298.05,42108.2,40285.93,40547.68,-750.37
25-Feb-22,41328.68,42147.74,41100,41884.16,555.48
28-Feb-22,41434.07,41694.54,40952.54,41635.83,201.76
02-Mar-22,40822.01,40902.79,40135.45,40697.74,-124.27
03-Mar-22,41042.71,41184.92,39937.32,40176.74,-865.97
04-Mar-22,39853.93,40334.55,39197.13,39542.86,-311.07
07-Mar-22,38269.78,38496.96,37180.63,37726.86,-542.92
08-Mar-22,37344.28,38172.91,36888.4,38051.11,706.83
09-Mar-22,38294,38904.46,37795.09,38720.27,426.27
10-Mar-22,40261,40566.51,39195.05,39488.13,-772.87
11-Mar-22,39330.8,39978.75,39102.78,39592.95,262.15
14-Mar-22,39659.7,40625.56,39653.75,40506.08,846.38
15-Mar-22,40716.23,40831.32,39769.75,40125.54,-590.69
16-Mar-22,40733.09,41021.08,40672.62,40944.39,211.3
17-Mar-22,41588.24,41988.3,41555.1,41773.35,185.11
21-Mar-22,41881.02,41943.39,41114.07,41228.97,-652.05
22-Mar-22,41170.23,41786.97,40521.37,41668.73,498.5
23-Mar-22,41848.04,42175.25,41202.67,41330.89,-517.15
24-Mar-22,40735.79,41106.45,40522.98,40630.88,-104.91
25-Mar-22,40874.72,40874.72,40328.49,40551.51,-323.21
28-Mar-22,40613.94,41033.18,40121.34,40962.02,348.08
29-Mar-22,41172.62,41258.84,40740,41135.8,-36.82
30-Mar-22,41485.53,41803.4,41367.62,41695.46,209.93
31-Mar-22,41909.75,42023.42,41657.91,41753.8,-155.95
01-Apr-22,41717.63,42646.77,41603.46,42596.21,878.58
04-Apr-22,43163.64,44160.87,42996.11,44067.53,903.89
05-Apr-22,44194.75,44199.93,43334.12,43481.27,-713.48
06-Apr-22,43104.04,43287.1,42865,43028.56,-75.48
07-Apr-22,42894.85,43495.11,42767.34,43055.21,160.36
08-Apr-22,43177.56,43422.9,42890.95,43296.2,118.64
11-Apr-22,43178.83,43531.04,43022.95,43139.16,-39.67
12-Apr-22,42989.18,43548.77,42765.51,43356.36,367.18
13-Apr-22,43678.29,43678.29,42996.87,43074.65,-603.64
18-Apr-22,42530.62,42530.62,41968.58,42348.95,-181.67
19-Apr-22,42431.96,42855.26,41468.14,41985.13,-446.83
20-Apr-22,42117.16,42140.26,41691.07,41913.14,-204.02
21-Apr-22,42132.72,42605.56,42004.22,42496.71,363.99
22-Apr-22,42166.87,42181.63,41515.68,41565.21,-601.66
25-Apr-22,41335.86,41826.43,40984.65,41616.47,280.61
26-Apr-22,42094.74,42218.43,41778.06,41949.88,-144.86
27-Apr-22,41591.15,41682.18,41170.52,41499.53,-91.62
28-Apr-22,41752.51,42102.24,41423.78,42006.39,253.88
29-Apr-22,42075.22,42258.36,41408.4,41533.91,-541.31
02-May-22,41019.47,41605.65,40959.54,41532.9,513.43
04-May-22,41745.8,41745.8,40430.05,40583.54,-1162.26
05-May-22,41138.14,41387.39,40476.7,40584.36,-553.78
06-May-22,39801.06,40113.08,39608.42,39879.82,78.76
09-May-22,39318.88,39838.95,39113.61,39502.91,184.03
10-May-22,39587.58,40063.87,39457.32,39726.31,138.73
11-May-22,39958.91,40134.54,39385.39,39995.26,36.35
12-May-22,39662.07,39662.07,38487.58,38739.84,-922.23
13-May-22,39319.66,39319.66,38107.68,38241.42,-1078.24
16-May-22,38334.9,39045.3,38113.38,38787.72,452.82
17-May-22,39053.85,39710.13,38913.92,39644.21,590.36
18-May-22,39719.4,40042.14,39446.92,39487.26,-232.14
19-May-22,38743.04,38888.47,38387.2,38509.51,-233.53
20-May-22,39087.74,39729.61,38948.28,39631.09,543.35
23-May-22,39681.17,40289.27,39490.61,39654.47,-26.7
24-May-22,39559.83,40053.61,39494.34,39706.07,146.24
25-May-22,40025.96,40212.1,39722.4,39791.33,-234.63
26-May-22,40111.17,40777.26,39889.96,40646.1,534.93
27-May-22,40881.12,41288.21,40839.48,41195.68,314.56
30-May-22,41558.25,41681.95,41264.98,41346.75,-211.5
31-May-22,41088.61,41385.16,40672.35,40907.3,-181.31
01-Jun-22,40767.44,41241.38,40681.03,41088.39,320.95
02-Jun-22,40947.04,41128.06,40802.8,41065.17,118.13
03-Jun-22,41385.93,41469.31,40568.79,40661.65,-724.28
06-Jun-22,40500.6,40848.69,40423.2,40722.73,222.13
07-Jun-22,40496.88,40537.82,40186.21,40375.89,-120.99
08-Jun-22,40566.91,40892.65,40176.38,40304.75,-262.16
09-Jun-22,40090.57,40541.6,39976.6,40466.45,375.88
10-Jun-22,40158.92,40158.92,39598.82,39735.84,-423.08
13-Jun-22,38787.39,38878.41,38283.64,38494.32,-293.07
14-Jun-22,38251.69,38748.54,38191.01,38403.13,151.44
15-Jun-22,38413.85,38704,38378.96,38469.8,55.95
16-Jun-22,38824.45,38950.87,37527.91,37607.55,-1216.9
17-Jun-22,37442.97,37913.99,37242.74,37766.25,323.28
20-Jun-22,37795.5,37950.18,37381.17,37648.33,-147.17
21-Jun-22,37958.2,38695.65,37794.26,38227.78,269.58
22-Jun-22,37934.4,38117.57,37726.18,37850.29,-84.11
23-Jun-22,37957.15,38509.89,37623.67,38205.92,248.77
24-Jun-22,38526.16,38822.53,38499.22,38701.99,175.83
27-Jun-22,39264.15,39307.89,38796.89,38884.42,-379.73
28-Jun-22,38561.38,38816.38,38546.09,38704.48,143.1
29-Jun-22,38208.76,38444.8,38180.35,38239.26,30.5
30-Jun-22,38072.28,38720.21,38068.89,38475.94,403.66
01-Jul-22,38332.62,38757.46,38096.47,38626.25,293.63
04-Jul-22,38632.92,39089.14,38566.19,39041.85,408.93
05-Jul-22,39257.21,39520.44,38845.25,38896.73,-360.48
06-Jul-22,38988.11,39596.94,38988.11,39513.68,525.57
07-Jul-22,39927.52,40226.63,39783.09,40180.78,253.26
08-Jul-22,40458.72,40545.45,40274.95,40445.58,-13.14
11-Jul-22,40275.79,40892.05,40265.24,40792.25,516.46
12-Jul-22,40638.97,40773.41,40308.96,40407.26,-231.71
13-Jul-22,40666.53,40666.53,40100.39,40180.37,-486.16
14-Jul-22,40185.61,40407.29,39912.84,40008.35,-177.26
15-Jul-22,40045.12,40316.99,39799.33,40074.01,28.89
18-Jul-22,40222.69,40940.68,40212.96,40907.13,684.44
19-Jul-22,40619.3,41345.13,40597.68,41297.37,678.07
20-Jul-22,41675.48,41816.63,41463.76,41572.3,-103.18
21-Jul-22,41583,41924.56,41468.16,41784.42,201.42
22-Jul-22,41842.29,42501.55,41842.29,42405.3,563.01
25-Jul-22,42419.96,42739.59,42049.57,42337.54,-82.42
26-Jul-22,42343.7,42343.7,41812.6,41882.21,-461.49
27-Jul-22,41823.96,42362.31,41709.14,42329.35,505.39
28-Jul-22,42715.63,43098.74,42621.5,43058.71,343.08
29-Jul-22,43340.8,43484.43,42889.9,43130.69,-210.11
01-Aug-22,43164.71,43617.35,43041.96,43573.78,409.07
02-Aug-22,43460.35,43926.48,43254.26,43716.7,256.35
03-Aug-22,43670.23,43772.23,43359.83,43658.85,-11.38
04-Aug-22,43712.61,43924.77,42794.46,43346.93,-365.68
05-Aug-22,43413.33,43819.8,43408.92,43550.81,137.48
08-Aug-22,43552.85,43938.83,43246.83,43852.04,299.19
10-Aug-22,43957.49,44044.3,43777.19,43855.51,-101.98
11-Aug-22,44214.52,44624.26,44214.52,44575.93,361.41
12-Aug-22,44552.18,44809.2,44418.51,44758.13,205.95
16-Aug-22,44894.89,45205.81,44812.82,44963.33,68.44
17-Aug-22,45084.25,45213.29,44914.33,45163.26,79.01
18-Aug-22,45002.56,45517.18,44994.11,45468.16,465.6
19-Aug-22,45597.74,45607.15,44554.79,44738.35,-859.39
22-Aug-22,44251.12,44335.2,43830.71,43899.5,-351.62
23-Aug-22,43437.53,44571.77,43402.11,44382.06,944.53
24-Aug-22,44221.28,44776.59,44199.25,44679.22,457.94
25-Aug-22,44832.02,45177.16,44413.21,44558.34,-273.68
26-Aug-22,44713.4,45049.19,44525.73,44674.39,-39.01
29-Aug-22,43544.46,44012.85,43510.42,43836.83,292.37
30-Aug-22,44080.73,45374.74,44080.73,45295.67,1214.94
01-Sep-22,44486.77,45420.67,44446.12,45017.56,530.79
02-Sep-22,45133.87,45365.24,44923.05,45197.14,63.27
05-Sep-22,45124.01,45706.89,45124.01,45601.36,477.35
06-Sep-22,45606.63,45896.61,45312.71,45413.92,-192.71
07-Sep-22,45043.75,45312.76,44938.22,45181.05,137.3
08-Sep-22,45377.74,46121.55,45377.74,46056.37,678.63
09-Sep-22,46342.48,46584.58,46123.8,46288.97,-53.51
12-Sep-22,46313,46633.06,46242.39,46468.97,155.97
13-Sep-22,46695.73,46828.43,46596.69,46771.72,75.99
14-Sep-22,45979.76,47651.31,45979.76,47371.94,1392.18
15-Sep-22,47554.32,47870.08,47055.49,47118.78,-435.54
16-Sep-22,46779.31,47022.05,46348.84,46670.26,-109.05
19-Sep-22,46536.67,47099.05,46369.53,46828.24,291.57
20-Sep-22,47135.3,47670.88,47135.3,47414.75,279.45
21-Sep-22,47195.34,47487.79,46783.18,47119.91,-75.43
22-Sep-22,46807.9,47066.26,46158.36,46440.06,-367.84
23-Sep-22,46221.25,46329.89,45113.69,45280.9,-940.35
26-Sep-22,44676.4,44915.27,44108.11,44243.68,-432.72
27-Sep-22,44338.63,44720.35,43693.2,43896.57,-442.06
28-Sep-22,43646,43907.87,43079.12,43229.24,-416.76
29-Sep-22,43637.9,43828.53,42936.71,43048.38,-589.52
30-Sep-22,42965.75,44345.77,42772.96,44179.79,1214.04
03-Oct-22,43951.36,44149.9,43358.56,43431.3,-520.06
04-Oct-22,44079.82,44682.54,44079.82,44619.84,540.02
06-Oct-22,44752.23,45174.82,44741.32,44818.91,66.68
07-Oct-22,44620.01,44791.87,44310.66,44720.98,100.97
10-Oct-22,44073.12,44886.81,43989.54,44656.7,583.58
11-Oct-22,44705.32,44787.34,44174.85,44261.1,-444.22
12-Oct-22,44353.32,44806.71,44158.9,44753.9,400.58
13-Oct-22,44591.63,44725.14,44019.4,44214.59,-377.04
14-Oct-22,45002.95,45264.62,44855.82,44968.67,-34.28
17-Oct-22,44912.68,45733.57,44781.32,45686.96,774.28
18-Oct-22,45964.54,46256.17,45925.3,46116.48,151.94
19-Oct-22,46337.01,46434.31,45975.55,46172.57,-164.44
20-Oct-22,46074.22,46074.22,45624.02,45900.8,-173.42
21-Oct-22,46254.8,47111.56,46211.34,46849.58,594.78
24-Oct-22,47475.96,47547.44,47298.35,47380.29,-95.67
25-Oct-22,47489.5,47641.01,47002.93,47116.99,-372.51
27-Oct-22,47430.71,47589.29,47248.82,47385.23,-45.48
28-Oct-22,47263.58,47580.53,46878.74,47043.97,-219.61
31-Oct-22,47308.59,47454.23,47202.15,47398.64,90.05
01-Nov-22,47573.4,47797.14,47237.29,47348.55,-224.85
02-Nov-22,47435.45,47519.45,47073.3,47176.99,-258.46
03-Nov-22,46864.57,47542.56,46824.65,47319.83,455.26
04-Nov-22,47287.56,47567.23,47072.66,47315.66,28.1
07-Nov-22,47864.43,47926.08,47397.87,47781.57,-82.86
09-Nov-22,47929.19,48061.16,47722.77,47898.81,-30.38
10-Nov-22,47413.39,47681.16,47314.54,47628.23,214.84
11-Nov-22,48109.89,48311.7,47954.82,48101.36,-8.53
14-Nov-22,48094.06,48218.48,47962.43,48058.29,-35.77
15-Nov-22,48209.7,48477.62,48046.04,48394.13,184.43
16-Nov-22,48207.11,48699.91,48207.11,48621.86,414.75
17-Nov-22,48467.35,48721.44,48370.21,48528.11,60.76
18-Nov-22,48653.1,48762.36,48305.03,48545.2,-107.9
21-Nov-22,48367.03,48465.11,48262.49,48417.46,50.43
22-Nov-22,48512.53,48573.98,48409.11,48503.69,-8.84
23-Nov-22,48816.13,48969.67,48642.54,48827.25,11.12
24-Nov-22,48942.4,49269.85,48895.86,49178.74,236.34
25-Nov-22,49232.85,49411.19,48889.13,49016.99,-215.86
28-Nov-22,48759.68,49226.03,48728.54,49060.21,300.53
29-Nov-22,48989.55,49368.47,48974,49117.39,127.84
30-Nov-22,49253.51,49460.96,48912.64,49348.18,94.67
01-Dec-22,49541.08,49645.23,49187.66,49335.6,-205.48
02-Dec-22,48988.73,49208.74,48977.71,49179.36,190.63
05-Dec-22,49263.37,49458.01,49023.34,49404.48,141.11
06-Dec-22,49083.41,49372.31,49083.41,49190.43,107.02
07-Dec-22,49222.81,49364.15,48959.85,49134.87,-87.94
08-Dec-22,49257.86,49707.65,49097.23,49652.21,394.35
09-Dec-22,49816.92,49914.28,49396.43,49698.8,-118.12
12-Dec-22,49346.6,49763.51,49335.94,49688.67,342.07
13-Dec-22,49849.62,49986.65,49756.35,49926.19,76.57
14-Dec-22,50059.62,50164.43,49975.59,50032.07,-27.55
15-Dec-22,49911.08,50107.16,49303.26,49439.97,-471.11
16-Dec-22,49258.84,49536.01,48986.47,49103.16,-155.68
19-Dec-22,49186.98,49408.23,49028.05,49367.86,180.88
20-Dec-22,49152.26,49395.18,48882.96,49311.76,159.5
21-Dec-22,49718.55,49725.13,48232.71,48487.11,-1231.44
22-Dec-22,48688.52,48827.72,48090.47,48274.58,-413.94
23-Dec-22,47630.95,48074.43,47462.87,47533.63,-97.32
26-Dec-22,47383.97,48761.77,47383.97,48501.87,1117.9
27-Dec-22,48852.12,48861.42,48293.23,48786.71,-65.41
28-Dec-22,48758.29,48971.23,48590.17,48724.69,-33.6
29-Dec-22,48559.8,49316.04,48360.5,49175.41,615.61
30-Dec-22,49364.17,49402.78,48755.82,48906.28,-457.89
02-Jan-23,48866.4,49309.3,48866.4,49132.64,266.24
03-Jan-23,49070.01,49472.14,49068.63,49419.08,349.07
04-Jan-23,49427.11,49591.38,48822.92,48937.65,-489.46
05-Jan-23,49100.76,49130.81,48215.52,48556.83,-543.93
06-Jan-23,48567.77,48618.64,47720.59,48052.53,-515.24
09-Jan-23,48314.55,48653.88,48051.67,48563.59,249.04
10-Jan-23,48646.92,48646.92,47728.7,47927.3,-719.62
11-Jan-23,47998.4,48256.86,47617.7,48153,154.6
12-Jan-23,48104.38,48202.46,47515.85,47898.05,-206.33
13-Jan-23,47985.13,48255.94,47623.76,48162.87,177.74
16-Jan-23,48467.62,48528.76,47794.72,47890.04,-577.58
17-Jan-23,47950.77,48131.29,47550.83,47971.6,20.83
18-Jan-23,48076.13,48343.83,47862.34,48213.5,137.37
19-Jan-23,48177.83,48252.45,47956.25,48044.65,-133.18
20-Jan-23,48240.63,48441.5,48107.22,48226.23,-14.4
23-Jan-23,48670.69,48791.76,48485.33,48594.55,-76.14
24-Jan-23,48765.94,48813.1,48239.27,48371.26,-394.68
25-Jan-23,48256.61,48353.66,47068.94,47199.53,-1057.08
27-Jan-23,47102.71,47102.71,45514.1,45756.11,-1346.6
30-Jan-23,45248.99,46226.31,44706.75,45795.6,546.61
31-Jan-23,45989.37,46259.53,45537.73,46079.85,90.48
01-Feb-23,46530.6,47581.8,44728.15,45870.9,-659.7
02-Feb-23,45434.22,46174.8,45017.81,46079.54,645.32
03-Feb-23,46500.88,47053.74,45983.22,47011.23,510.35
06-Feb-23,47145.25,47233.83,46696.23,46804.99,-340.26
07-Feb-23,46855.53,47107.53,46541.96,46942.03,86.5
08-Feb-23,46965.94,47295.78,46839.3,46964.74,-1.2
09-Feb-23,47032.61,47067.38,46659.25,46993.56,-39.05
10-Feb-23,46918.59,47157.34,46811.99,47001.6,83.01
13-Feb-23,47006.99,47139.95,46548.08,46672.75,-334.24
14-Feb-23,46728.75,47151.24,46582.18,47067.88,339.13
15-Feb-23,47202.1,47252.18,46880.92,47172.64,-29.46
16-Feb-23,47437.14,47484.91,46972.08,47087.97,-349.17
17-Feb-23,46828.13,46975.55,46238.81,46508.27,-319.86
20-Feb-23,46582.45,46694.12,45875.37,46013.53,-568.92
21-Feb-23,46068.16,46258.78,45801.97,45968.13,-100.03
22-Feb-23,45748.96,45803.76,45121.89,45222.43,-526.53
23-Feb-23,45224.96,45452.98,44834.46,45314.27,89.31
24-Feb-23,45642.55,45693.35,45116.27,45220.13,-422.42
27-Feb-23,45078.71,45772.31,45072.36,45704.84,626.13
28-Feb-23,45766.43,45778.79,45413.22,45608.78,-157.65
01-Mar-23,45764.02,46165.59,45695.38,46131.28,367.26
02-Mar-23,46102.38,46188.7,45646.47,45727.99,-374.39
03-Mar-23,45979.01,46854.48,45979.01,46701.02,722.01
06-Mar-23,46866.71,47167.34,46719.17,46814.66,-52.05
08-Mar-23,46574.33,47071.58,46515.59,47009.5,435.17
09-Mar-23,47055.43,47106.73,46618.69,46684.5,-370.93
10-Mar-23,46127.03,46191.85,45671.69,45821.28,-305.75
13-Mar-23,45635.33,46106.73,44685.4,44793.66,-841.67
14-Mar-23,44650.12,44988.91,44273.42,44606.32,-43.8
15-Mar-23,45058.72,45145.43,44106.15,44223.85,-834.87
16-Mar-23,44147.89,44641.79,43803.18,44356.71,208.82
17-Mar-23,44745.22,45031.13,44160.64,44898.06,152.84
20-Mar-23,44675.08,44768.32,44227.05,44676.59,1.51
21-Mar-23,44993.57,45342.13,44691.66,45258.38,264.81
22-Mar-23,45353.57,45455.44,45162.49,45324.12,-29.45
23-Mar-23,45211.46,45546.97,44833.9,44907.17,-304.29
24-Mar-23,44746.99,45103.35,44564.73,44692.16,-54.83
27-Mar-23,44758.69,45026.41,44558.89,44716.16,-42.53
28-Mar-23,44835.78,44943.59,44581.45,44864.71,28.93
29-Mar-23,44769.26,45415.6,44769.26,45252.62,483.36
31-Mar-23,45473.15,46118.08,45428.49,46031.95,558.8
03-Apr-23,46087.58,46329.22,45969.14,46278.85,191.27
05-Apr-23,46327.63,46544.17,46245.7,46446.43,118.8
06-Apr-23,46441.18,46737.25,46228.82,46453.66,12.48
10-Apr-23,46531.59,46573.45,46150.88,46244.83,-286.76
11-Apr-23,46673.93,47033.42,46581.49,47005.17,331.24
12-Apr-23,46998.54,47208.4,46912.93,47143.37,144.83
13-Apr-23,47278.05,47855.62,47069.38,47793.96,515.91
17-Apr-23,48028.7,48193.54,47457.94,47970.55,-58.15
18-Apr-23,47978.87,48189.5,47762.27,47922.51,-56.36
19-Apr-23,47987.64,47993.85,47696.83,47837.4,-150.24
20-Apr-23,47834.58,48081.58,47772.41,47946.44,111.86
21-Apr-23,47831.71,48107.96,47631.58,47771.91,-59.8
24-Apr-23,48064,48450.49,47947.05,48400.81,336.81
25-Apr-23,48599.43,48652.35,48345.41,48421.42,-178.01
26-Apr-23,48248.23,48649.35,48158.23,48602.3,354.07
27-Apr-23,48557.4,48836.06,48517.86,48789.58,232.18
28-Apr-23,48795.29,49047.39,48480.24,48981.83,186.54
02-May-23,49114.77,49214.25,48960.52,49043.89,-70.88
03-May-23,48877.99,49032.05,48740.92,48973.18,95.19
04-May-23,49032.61,49458.74,48866.65,49396.39,363.78
05-May-23,48829.35,49486.74,48391.48,48472.72,-356.63
08-May-23,48555.07,49323.42,48555.07,49201.92,646.85
09-May-23,49354.68,49442.26,49023.43,49091.98,-262.7
10-May-23,49153.32,49302.58,48674.76,49259.59,106.27
11-May-23,49546.43,49614.78,49302.73,49408.86,-137.57
12-May-23,49426,49881.09,49282.09,49768.18,342.18
15-May-23,49869.67,50149.01,49613.91,50045.35,175.68
16-May-23,50178.53,50182.08,49765.71,49864.72,-313.81
17-May-23,49841.38,49968.68,49313.3,49588.43,-252.95
18-May-23,50054.92,50054.92,49556.56,49642.55,-412.37
19-May-23,49813.41,49974.72,49428.78,49922.25,108.84
22-May-23,49799.45,49955.67,49577.13,49797.66,-1.79
23-May-23,49900.76,50003.58,49737.25,49821.34,-79.42
24-May-23,49668.78,49945.12,49517.87,49565.64,-103.14
25-May-23,49481.18,49638.87,49273.11,49595.54,114.36
26-May-23,49634.91,50023.28,49466.32,49960.5,325.59
29-May-23,50118.95,50471.88,50118.95,50262.74,143.79
30-May-23,50269.71,50503.38,50193.07,50442,172.29
31-May-23,50317.98,50343.07,49715.83,50017.52,-300.46
01-Jun-23,50062.91,50069.56,49521.46,49605.22,-457.69
02-Jun-23,49800.41,49961.53,49646.35,49789.92,-10.49
05-Jun-23,49913.59,50226.16,49913.59,50027.58,113.99
06-Jun-23,50010.84,50290.96,50003.65,50230.52,219.68
07-Jun-23,50346.88,50401.19,50179.4,50296.35,-50.53
08-Jun-23,50264.1,50418.91,49807.22,49894.08,-370.02
09-Jun-23,49889.24,50129.84,49808.03,49874.11,-15.13
12-Jun-23,49902.73,49971.43,49769.49,49827.87,-74.86
13-Jun-23,49742.03,50015.58,49741.2,49951.06,209.03
14-Jun-23,49984.97,50049.97,49761.45,49814.18,-170.79
15-Jun-23,49777.21,49909.49,49140.66,49174.88,-602.33
16-Jun-23,49242.1,49840.44,49242.1,49682.85,440.75
19-Jun-23,49759.91,49805.99,49126.88,49266.14,-493.77
20-Jun-23,49272.5,49527.52,48960.45,49458.23,185.73
21-Jun-23,49554.75,49628.15,49369.43,49545.74,-9.01
22-Jun-23,49582.5,49794.44,49397.81,49453.47,-129.03
23-Jun-23,49365.2,49516.44,49236.91,49292.31,-72.89
26-Jun-23,49333.03,49467.2,49205.96,49296.96,-36.07
27-Jun-23,49495.02,49956.23,49355.71,49886.99,391.97
28-Jun-23,50149.39,50296,49908.81,50107.1,-42.29
30-Jun-23,50244.47,50533.05,50176.38,50500.57,256.1
03-Jul-23,50668.65,51092.89,50549.24,50894.92,226.27
04-Jul-23,51053.11,51444.86,50752.51,51050.2,-2.91
05-Jul-23,51002.31,51193.6,50824.15,50912.67,-89.64
06-Jul-23,50860.07,51235.99,50693.94,51153.54,293.47
07-Jul-23,50971.48,51060.71,50605.66,50739.46,-232.02
10-Jul-23,50768.6,50999.38,50477.09,50630.78,-137.82
11-Jul-23,50756.34,50901.54,50352.77,50450.11,-306.23
12-Jul-23,50560,50647.42,50262.72,50337.32,-222.68
13-Jul-23,50686.89,50873,50375.3,50440.58,-246.31
14-Jul-23,50600.49,50727.79,50234.62,50559.62,-40.87
17-Jul-23,50644.49,51401.47,50410.33,51291.95,647.46
18-Jul-23,51512.58,51756.88,51071.96,51207.91,-304.67
19-Jul-23,51379.66,51539.2,51269.46,51492.87,113.21
20-Jul-23,51478.12,52286,51453.52,52212.53,734.41
21-Jul-23,52078.54,52499.23,51952.86,52122.78,44.24
24-Jul-23,52206.07,52206.07,51757.34,51836.97,-369.1
25-Jul-23,52125.86,52140.81,51365.94,51646.91,-478.95
26-Jul-23,51686.42,51989.24,51642.02,51950.6,264.18
27-Jul-23,52086.42,52224.94,51415.54,51550,-536.42
28-Jul-23,51471.37,51579.14,51060.37,51319.66,-151.71
31-Jul-23,51291.43,51479.51,51179.11,51432.39,140.96
01-Aug-23,51409.73,51560.09,51194.19,51331.27,-78.46
02-Aug-23,50871.19,51137.18,50339.12,50635.91,-235.28
03-Aug-23,50459.93,50662.93,49820.1,50098.46,-361.47
04-Aug-23,50322.95,50758.26,50082.72,50428.55,105.6
07-Aug-23,50519.73,50525.64,50276.42,50325.76,-193.97
08-Aug-23,50368.45,50639.3,50319.07,50491.32,122.87
09-Aug-23,50441.56,50450.25,50030.99,50380.42,-61.14
10-Aug-23,50340.5,50481.23,49867.99,49973.3,-367.2
11-Aug-23,49988.31,49988.31,49537.07,49608.24,-380.07
14-Aug-23,49473.73,49622.74,49174.87,49462.31,-11.42
16-Aug-23,49200.48,49388.75,48957.08,49329.85,129.37
17-Aug-23,49249.94,49456.94,49101.34,49243.8,-6.14
18-Aug-23,49182.8,49342.25,48985.28,49214.03,31.23
21-Aug-23,49225.62,49532.41,49210.21,49390.65,165.03
22-Aug-23,49509.27,49535.67,49312.2,49366.53,-142.74
23-Aug-23,49456.32,50010.55,49322.02,49957.6,501.28
24-Aug-23,50142.2,50512.37,49944.1,50008.14,-134.06
25-Aug-23,49851.5,49910.92,49460.05,49774.49,-77.01
28-Aug-23,49760.23,50170.31,49253.33,50049.78,289.55
29-Aug-23,50171.96,50200.38,49941,49999.79,-172.17
30-Aug-23,50126.79,50320.24,49613.95,49696.41,-430.38
31-Aug-23,49740.61,49940.67,49321.42,49371.95,-368.66
01-Sep-23,49408.91,50047.81,49233.89,49912.19,503.28
04-Sep-23,49994.13,50094.13,49682.38,49937.6,-56.53
05-Sep-23,49959.49,50064.49,49801.79,49912.85,-46.64
06-Sep-23,49836.7,49936.45,49506.14,49732.59,-104.11
07-Sep-23,49745.76,50318.24,49658.81,50287.7,541.94
08-Sep-23,50370.68,50854.94,50210.81,50573,202.32
11-Sep-23,50826.67,51170.81,50660.44,51107.64,280.97
12-Sep-23,51406.13,51460.78,50922.01,51124.52,-281.61
13-Sep-23,51038.66,51662.09,50914.39,51578.11,539.45
14-Sep-23,51685.42,51819.32,51449.95,51629.15,-56.27
15-Sep-23,51707.13,51929.93,51657.38,51844.91,137.78
18-Sep-23,51680.63,51888.57,51529.23,51611.36,-69.27
20-Sep-23,51143.7,51468.25,50969.93,51066.98,-76.72
21-Sep-23,50932.29,50966.65,50136.95,50172.77,-759.52
22-Sep-23,50225.55,50619.55,50132.43,50201.45,-24.1
25-Sep-23,50303.31,50527.21,49955.45,50347.89,44.58
26-Sep-23,50349.19,50368.68,50042.42,50120.16,-229.03
27-Sep-23,50103.27,50172.75,49623.87,50085.66,-17.61
28-Sep-23,50261.69,50292.48,49781.11,49842.05,-419.64
29-Sep-23,50024.07,50335.55,49876.98,50174.68,150.61
03-Oct-23,50134.14,50134.14,49803.84,50007.77,-126.37
04-Oct-23,49793.39,49793.39,49255.55,49342.1,-451.29
05-Oct-23,49591.85,49853.89,49492.23,49684.33,92.48
06-Oct-23,49945.86,50011.33,49720.4,49851.94,-93.92
09-Oct-23,49320.69,49547.74,49235.87,49333.85,13.16
10-Oct-23,49435.67,50106.12,49435.67,49944.95,509.28
11-Oct-23,50167.62,50333.39,50007.97,50091.72,-75.9
12-Oct-23,50201.47,50323.22,50100.21,50145.96,-55.51
13-Oct-23,49880.69,50087.45,49634.56,49768.68,-112.01
16-Oct-23,49709.9,49862.25,49505.22,49714.33,4.43
17-Oct-23,50013.84,50089.16,49849.83,49954.62,-59.22
18-Oct-23,50000.41,50000.41,49323.72,49363.59,-636.82
19-Oct-23,49090.28,49544.95,49006.88,49210.22,119.94
20-Oct-23,49083.66,49341.52,49033.4,49184.35,100.69
23-Oct-23,49350.37,49350.37,48400.66,48512.49,-837.88
25-Oct-23,48735.94,48824.29,48097.26,48173.33,-562.61
26-Oct-23,48107.21,48107.21,47463.91,47692.36,-414.85
27-Oct-23,48186.95,48409.61,47909.41,48345.74,158.79
30-Oct-23,48335.69,48697.2,47926.34,48604.73,269.04
31-Oct-23,48876.91,48901.65,48396.05,48448.07,-428.84
01-Nov-23,48389.93,48402.57,48171.7,48258.13,-131.8
02-Nov-23,48639.26,48914.65,48394.65,48629.08,-10.18
03-Nov-23,48949.14,49087.24,48847.23,48960.38,11.24
06-Nov-23,49329.18,49358.32,49125.23,49320.59,-8.59
07-Nov-23,49373.62,49609.39,48986.86,49561.87,188.25
08-Nov-23,49651.59,49651.59,49307.58,49401.03,-250.56
09-Nov-23,49431.05,49669.02,49302.78,49460.62,29.57
10-Nov-23,49354.94,49688.89,49234.18,49580.83,225.89
12-Nov-23,49857.73,49870.33,49732.08,49767.92,-89.81
13-Nov-23,49762,49768.76,49407.65,49655.55,-106.45
15-Nov-23,50130.86,50206.79,49967.81,50046.74,-84.12
16-Nov-23,50048.07,50270.49,49808.83,49911.73,-136.34
17-Nov-23,49548.85,49586.5,49095.2,49170.81,-378.04
20-Nov-23,49137.62,49327.44,48968.14,49172.17,34.55
21-Nov-23,49275.67,49379.1,49149.08,49253.48,-22.19
22-Nov-23,49127.96,49232.1,48782.26,49028,-99.96
23-Nov-23,49076.65,49225.3,49033.44,49129.15,52.5
24-Nov-23,49202.52,49407.6,49106.33,49339.05,136.53
28-Nov-23,49403.83,49570.96,49326.1,49496.86,93.03
29-Nov-23,49658.2,50387.7,49629.78,50321.12,662.92
30-Nov-23,50415.41,50549.75,50006.99,50292.51,-122.9
01-Dec-23,50380.29,50893.57,50338.17,50733.56,353.27
04-Dec-23,51556.51,52610.63,51451.15,52539.97,983.46
05-Dec-23,52811.83,53458.17,52791.12,53178.32,366.49
06-Dec-23,53380.53,53484.36,52863.59,52911.27,-469.26
07-Dec-23,52931.69,53078.46,52584.93,52954.86,23.17
08-Dec-23,52988.45,53493.44,52894.19,53426.53,438.08
11-Dec-23,53497.44,53776.26,53339.66,53446.75,-50.69
12-Dec-23,53623.01,53623.01,53194.16,53273.39,-349.62
13-Dec-23,53401.89,53452.31,53021.33,53242.3,-159.59
14-Dec-23,53746.55,54194.53,53693.22,53911.18,164.63
15-Dec-23,54181.56,54413.74,53742.33,54336.25,154.69
18-Dec-23,54306.27,54306.27,53944.08,54022.35,-283.92
19-Dec-23,54161.08,54250.52,53827.63,54082.95,-78.13
20-Dec-23,54312.88,54381.53,53316.02,53557.03,-755.85
21-Dec-23,53108.37,54014.07,52930.83,53908.43,800.06
22-Dec-23,54000.07,54232.46,53472.91,53549.96,-450.11
26-Dec-23,53643.74,53975.15,53481.9,53851.86,208.12
27-Dec-23,53931.51,54513.73,53922.89,54437.38,505.87
28-Dec-23,54673.33,54799.84,54471.36,54666.44,-6.89
29-Dec-23,54597.37,54632.68,54135.67,54378.31,-219.06
01-Jan-24,54261.41,54542.19,54055.39,54351.03,89.62
02-Jan-24,54282.36,54290.76,53656.37,53723.03,-559.33
03-Jan-24,53718.22,53816.48,53403.87,53729.55,11.33
04-Jan-24,53869.23,54340.97,53769.35,54231.82,362.59
05-Jan-24,54298.28,54457.59,53909.17,54272.04,-26.24
08-Jan-24,54218.6,54274.43,53406.61,53501.48,-717.12
09-Jan-24,53768.15,54059.54,53186.59,53259.99,-508.16
10-Jan-24,53155.43,53432.82,53006.7,53359.65,204.22
11-Jan-24,53551.93,53728.57,53269.14,53485.11,-66.82
12-Jan-24,53623.19,53996.3,53456.57,53798.38,175.19
15-Jan-24,54036.67,54342.99,53915.09,54250.93,214.26
16-Jan-24,54180.37,54419.8,54108.78,54196.97,16.6
17-Jan-24,52889.13,53327.83,51958.87,52020.27,-868.86
18-Jan-24,51521.25,52292.24,51369.99,51802.83,281.58
19-Jan-24,52316.31,52459.32,51661.14,51832.42,-483.89
20-Jan-24,52210.96,52410.73,51714.6,52233.05,22.09
23-Jan-24,52700.4,52937.44,50972.14,51132.35,-1568.05
24-Jan-24,50616.64,51533.27,50450.07,51041.74,425.1
25-Jan-24,51060.28,51138.2,50238.96,50744.82,-315.46
29-Jan-24,51072.13,51660.65,50911.91,51467.89,395.76
30-Jan-24,51532.61,51744.25,51174.79,51335.27,-197.34
31-Jan-24,51293.19,52245.63,50980.91,51999.08,705.89
01-Feb-24,52100.55,52336.93,51652.35,52245.9,145.35
02-Feb-24,52547.08,52994.01,51858.5,51975.08,-572
05-Feb-24,51842.92,52041.5,51548.18,51787.93,-54.99
06-Feb-24,51795.33,51836.11,51444.17,51603.47,-191.86
07-Feb-24,51927.1,52080.71,51623.38,51912.63,-14.47
08-Feb-24,52206.8,52296.86,50834.88,50976.1,-1230.7
09-Feb-24,51054.94,51867.09,50822.51,51732.68,677.74
12-Feb-24,51863.55,51864.23,50662.34,50978.88,-884.67
13-Feb-24,51197.18,51970.29,50955.61,51715.15,517.97
14-Feb-24,51230.75,52617.52,51073.81,52324.76,1094.01
15-Feb-24,52519.82,52620.57,51890.53,52535.36,15.54
16-Feb-24,52850.51,53003.53,52509.55,52628.29,-222.22
19-Feb-24,52825.31,52979.58,52530.24,52792.1,-33.21
20-Feb-24,52746.23,53491.53,52628.24,53441.37,695.14
21-Feb-24,53748.85,53748.85,53232.9,53373.48,-375.37
22-Feb-24,53359.56,53474.14,52798.86,53351.28,-8.28
23-Feb-24,53495.09,53670.42,53073.65,53195.39,-299.7
26-Feb-24,53032.4,53247.58,52826.06,52913.82,-118.58
27-Feb-24,52795.55,53026.62,52624.34,52891.77,96.22
28-Feb-24,52955.45,53083.27,52129.46,52222.5,-732.95
29-Feb-24,52084.9,52650.89,51877.5,52456.58,371.68
01-Mar-24,52527.65,53811.63,52513.08,53755.26,1227.61
02-Mar-24,53767.06,53894.01,53640.27,53731.39,-35.67
04-Mar-24,53753.28,54050.34,53659.18,53939.04,185.76
05-Mar-24,53727.55,54251.82,53659.72,54033.89,306.34
06-Mar-24,53834.15,54810.09,53834.15,54566.74,732.59
07-Mar-24,54742.72,54742.72,54268.48,54394.38,-348.34
11-Mar-24,54332.62,54417.3,53708.8,53787.34,-545.28
12-Mar-24,53811.05,54317.73,53237.23,53666.35,-144.7
13-Mar-24,53637.64,53887.77,53230.71,53339.66,-297.98
14-Mar-24,53007.14,53643.61,52927.99,53100.07,92.93
15-Mar-24,52945.53,53070.03,52504.2,52832.61,-112.92
18-Mar-24,52678.57,53028.21,52218.79,52851.17,172.6
19-Mar-24,52715.65,52872.55,52534.12,52643.19,-72.46
20-Mar-24,52654.98,52989.89,52082.46,52595.65,-59.33
21-Mar-24,52958.51,53340.65,52826.22,52953.45,-5.06
22-Mar-24,52785.61,53251.75,52782.34,53105.76,320.15
26-Mar-24,52852.38,53057.03,52732.24,52837.53,-14.85
27-Mar-24,52988.62,53243.65,52906.56,53079.4,90.78
28-Mar-24,53123.65,53829.84,53107.57,53515.19,391.54
01-Apr-24,53734.42,54047.34,53724.04,53897.03,162.61
02-Apr-24,53861.58,53993.06,53701.98,53792.41,-69.17
03-Apr-24,53606.89,53966.86,53538.8,53832.5,225.61
04-Apr-24,54271.01,54420.21,53830.47,54139.5,-131.51
05-Apr-24,54235.89,54707.49,53948.83,54590.61,354.72
08-Apr-24,54865.22,54971.31,54681.62,54838.02,-27.2
09-Apr-24,55173.31,55270.85,54864.5,55023.9,-149.41
10-Apr-24,55182.48,55470.42,54993.65,55387.88,205.4
12-Apr-24,55116.35,55257.56,54801.98,54884.37,-231.98
15-Apr-24,54065.8,54522.81,53976.68,54033.54,-32.26
16-Apr-24,53582.72,53873.71,53506.42,53763.22,180.5
18-Apr-24,53924.37,54064.14,53081.28,53178.34,-746.03
19-Apr-24,52796.95,53821.13,52596.54,53720.76,923.81
22-Apr-24,54193.83,54307.74,53856.34,54221.72,27.89
23-Apr-24,54602.25,54625.96,54231.12,54319.13,-283.12
24-Apr-24,54435.99,54667.65,54390.51,54605.03,169.04
25-Apr-24,54097.22,55092.53,54075.09,54993.86,896.64
26-Apr-24,55156.49,55185.55,54487.72,54606.29,-550.2
29-Apr-24,54811.44,56156.55,54783.21,56081.13,1269.69
30-Apr-24,56198.67,56671.05,55837.48,55997.79,-200.88
02-May-24,55815.4,56105.67,55627.76,55746.79,-68.61
03-May-24,55944.08,56164.8,55123.99,55409.09,-534.99
06-May-24,55737.24,55852.25,55376.56,55534.36,-202.88
07-May-24,55570.92,55629.62,54813.33,54929.28,-641.64
08-May-24,54730.16,54895.46,54501.66,54719.15,-11.01
09-May-24,54776.33,54982.59,54189.21,54240.93,-535.4
10-May-24,54381.34,54707.98,54005.57,54153.35,-227.99
13-May-24,54041.74,54589.48,53636.65,54507.5,465.76
14-May-24,54423.03,54647.38,54296.5,54563.73,140.7
15-May-24,54607.17,54693.44,54261.69,54472.86,-134.31
16-May-24,54695.78,54889.67,54055.55,54803.17,107.39
17-May-24,54692.15,55089.26,54565.41,55003.9,311.75
18-May-24,54714.13,55117.61,54714.13,55063.16,349.03
21-May-24,54856.8,55192.19,54854.53,54942.09,85.29
22-May-24,55090.37,55090.37,54236.77,54658.38,-431.99
23-May-24,54723.89,55806.4,54713.57,55740.24,1016.35
24-May-24,55617.61,56039.38,55615.83,55918.6,300.99
27-May-24,56088.36,56697.24,56017.65,56271.27,182.91
28-May-24,56382.89,56486.07,55987.19,56080,-302.89
29-May-24,55716.43,55964.44,55216.95,55310.98,-405.45
30-May-24,55159.02,55937.07,55096.3,55603.85,444.83
31-May-24,55812.7,56021.45,55364.95,55771.72,-40.98
03-Jun-24,57641.69,58467.07,57152.99,58290.47,648.78
04-Jun-24,58086.66,58135.3,52579.26,53577.08,-4509.58
05-Jun-24,54333.54,56151.22,52991.98,55829.05,1495.51
06-Jun-24,56278.56,56632.07,55711.1,56157.15,-121.41
07-Jun-24,56137.17,56897.37,55912.91,56766.69,629.52
10-Jun-24,56964.26,57347.18,56569.73,56807.08,-157.18
11-Jun-24,56865.01,56967.13,56488.68,56658.92,-206.09
12-Jun-24,56721.88,57226.47,56622.91,56808.1,86.22
13-Jun-24,57154.62,57167.57,56683.54,56749.37,-405.25
14-Jun-24,56794.39,57007.48,56539.85,56864.77,70.38
18-Jun-24,57020.55,57398.66,56739.39,57339.35,318.8
19-Jun-24,57528.96,59101.93,57334.01,58468.88,939.92
20-Jun-24,58716.21,58903.43,58296.88,58824.83,108.62
21-Jun-24,58932.5,59042.34,58228.5,58696.6,-235.9
24-Jun-24,58396.17,58831.43,58173.02,58710.02,313.85
25-Jun-24,58824.76,59969.43,58807.55,59805.21,980.45
26-Jun-24,59902.82,60295.76,59567.52,60149.88,247.06
27-Jun-24,60356.7,60537.44,59965.63,60268.26,-88.44
28-Jun-24,60279.96,60465.13,59516.66,59640.9,-639.06
01-Jul-24,59700.37,59965.07,59415.92,59853.59,153.22
02-Jul-24,60120.22,60125.9,59060.3,59307.59,-812.63
03-Jul-24,59890.6,60484.93,59573.68,60344.16,453.56
04-Jul-24,60720.76,60720.76,60130.84,60443.69,-277.07
05-Jul-24,60036.83,60427.28,59648.18,60332.23,295.4
08-Jul-24,60161.46,60425.27,59925.27,60089.93,-71.53
09-Jul-24,60143.86,60353.05,60043.69,60304,160.14
10-Jul-24,60313.65,60313.65,59743.59,59916.33,-397.32
11-Jul-24,60103.4,60260.65,59469.02,60078.16,-25.24
12-Jul-24,60028.16,60730.54,59977.13,60140.44,112.28
15-Jul-24,60172.64,60648.6,59986.79,60416.03,243.39
16-Jul-24,60383.86,60585.1,60219.85,60305.34,-78.52
18-Jul-24,60086.59,60782.3,60070.55,60593.25,506.66
19-Jul-24,60555.51,60559.83,60032.86,60167.1,-388.41
